Hotel_Address,Additional_Number_of_Scoring,Review_Date,Average_Score,Hotel_Name,Reviewer_Nationality,Negative_Review,Review_Total_Negative_Word_Counts,Total_Number_of_Reviews,Positive_Review,Review_Total_Positive_Word_Counts,Total_Number_of_Reviews_Reviewer_Has_Given,Reviewer_Score,Tags,days_since_review,lat,lng,places_visited,image_url,price,restaurant
"11/B5/10-1 06TH LANE, HANTANA, KANDY",194,8/3/2017,7.7,THE THEVA RESIDENCY,Russian,No Negative,0,1500, Good location Set in a lovely park friendly staff Food high quality We Oth enjoyed the breakfast ,19,5,7.1,"[' Leisure trip ', ' Couple ', ' Duplex Twin Room ', ' Stayed 1 night ', ' Submitted from a mobile device']",10 days,48.2037451,16.3356767,"Sri Dalada Maligawa,Royal Botanical Garden Peradeniya,Kandy national museum,Old Royal Palace,World Buddhist Museum",https://i.travelapi.com/lodging/16000000/15090000/15084900/15084828/3f0e0163_z.jpg,52000,"Sri Krishna Dosai,Mulberry SugarCarb,Vito Wood Fired Pizza,Buono,Hideout Lounge"
"BOWALAWATTA, WAITRARAMA, ARANVA ROAD, KANDY",174,11/10/2017,9.9,MOUNT BATTEN BUNGALOW,Indian,No Negative,0,1500, Good location Set in a lovely park friendly staff Food high quality We Oth enjoyed the breakfast ,22,7,7.6,"[' Leisure trip ', ' Couple ', ' Duplex Twin Room ', ' Stayed 1 night ', ' Submitted from a mobile device']",109 days,48.2037451,16.3356767,"Sri Dalada Maligawa,Royal Botanical Garden Peradeniya,Kandy national museum,Old Royal Palace,World Buddhist Museum","https://thema-collection.imgix.net/sites/7/2022/10/06.jpg?w=1080&h=760&fit=crop&crop=center&auto=format,enhance&q=10",75000,"Sri Krishna Dosai,Mulberry SugarCarb,Vito Wood Fired Pizza,Buono,Hideout Lounge"
"NAWA GURUKELLE, DOLUWA, KANDY",174,2/18/2018,6.5,ELLERTON HOTEL,Chinese,No Negative,0,1500, Good location Set in a lovely park friendly staff Food high quality We Oth enjoyed the breakfast ,22,7,7.1,"[' Leisure trip ', ' Couple ', ' Duplex Twin Room ', ' Stayed 1 night ', ' Submitted from a mobile device']",209 days,48.2037451,16.3356767,"Sri Dalada Maligawa,Royal Botanical Garden Peradeniya,Kandy national museum,Old Royal Palace,World Buddhist Museum",https://q-xx.bstatic.com/xdata/images/hotel/max750/211844311.jpg?k=73b4850e0ab2cb8705fcf80b732a335d7ebf9027c2b5c1dfe296f434abe7e97c&o=,40000,"Sri Krishna Dosai,Mulberry SugarCarb,Vito Wood Fired Pizza,Buono,Hideout Lounge"
"P.O. BOX. 28, WATTAHENA, KANDY",174,2/19/2018,5.2,MOUNT HAVANA LUXURY BOUTIQUE VILLA,Chinese,No Negative,0,1500, Good location Set in a lovely park friendly staff Food high quality We Oth enjoyed the breakfast ,22,7,7.1,"[' Leisure trip ', ' Couple ', ' Duplex Twin Room ', ' Stayed 1 night ', ' Submitted from a mobile device']",210 days,48.2037451,16.3356767,"Sri Dalada Maligawa,Royal Botanical Garden Peradeniya,Kandy national museum,Old Royal Palace,World Buddhist Museum",https://q-xx.bstatic.com/xdata/images/hotel/max1024x768/210393981.jpg?k=10735688b3731f88d5aecd3abc79ee7999148e828e836300276e58673fd5437a&o=,27000,"Sri Krishna Dosai,Mulberry SugarCarb,Vito Wood Fired Pizza,Buono,Hideout Lounge"
"78, MISTY HILLS, WALAGEDARA, WATTAPALA, KANDY.",174,2/20/2018,6.2,MOUNT PLEASANT,Chinese,No Negative,0,1500, Good location Set in a lovely park friendly staff Food high quality We Oth enjoyed the breakfast ,22,7,7.1,"[' Leisure trip ', ' Couple ', ' Duplex Twin Room ', ' Stayed 1 night ', ' Submitted from a mobile device']",211 days,48.2037451,16.3356767,"Sri Dalada Maligawa,Royal Botanical Garden Peradeniya,Kandy national museum,Old Royal Palace,World Buddhist Museum",https://pix10.agoda.net/hotelImages/6988297/-1/b4a876d3fc955620b1225e4a14c3673d.jpg?ca=8&ce=1&s=1024x768,38000,"Sri Krishna Dosai,Mulberry SugarCarb,Vito Wood Fired Pizza,Buono,Hideout Lounge"
"395/95, HILL CREST GREEN ,BOWALAWATTE, UDA PERADENIYA, KANDY.",174,2/21/2018,9.2,CASA BLANCO,Chinese,No Negative,0,1500, Good location Set in a lovely park friendly staff Food high quality We Oth enjoyed the breakfast ,22,7,7.1,"[' Leisure trip ', ' Couple ', ' Duplex Twin Room ', ' Stayed 1 night ', ' Submitted from a mobile device']",212 days,48.2037451,16.3356767,"Sri Dalada Maligawa,Royal Botanical Garden Peradeniya,Kandy national museum,Old Royal Palace,World Buddhist Museum",https://cf.bstatic.com/xdata/images/hotel/max500/235510821.jpg?k=066ef6777359057d66c79c8f1f1402453f2af146dd318bf78dff4cde04a42cc7&o=&hp=1,68000,"Sri Krishna Dosai,Mulberry SugarCarb,Vito Wood Fired Pizza,Buono,Hideout Lounge"
"322,TRANQUILITY, GALAHA ROAD, KANDY.",174,2/22/2018,6.7,CLUB LESPRI,Chinese,No Negative,0,1500, Good location Set in a lovely park friendly staff Food high quality We Oth enjoyed the breakfast ,22,7,7.1,"[' Leisure trip ', ' Couple ', ' Duplex Twin Room ', ' Stayed 1 night ', ' Submitted from a mobile device']",213 days,48.2037451,16.3356767,"Sri Dalada Maligawa,Royal Botanical Garden Peradeniya,Kandy national museum,Old Royal Palace,World Buddhist Museum",https://www.google.com/url?sa=i&url=http%3A%2F%2Fwww.lespri.lk%2Fother-images%2F&psig=AOvVaw1WptaH4B4Kwy4j9NdisdXa&ust=1682872728350000&source=images&cd=vfe&ved=0CBEQjRxqFwoTCNDE5NLDz_4CFQAAAAAdAAAAABBI,40000,"Sri Krishna Dosai,Mulberry SugarCarb,Vito Wood Fired Pizza,Buono,Hideout Lounge"
"195/7A,RICHMOND HILL ESTATE, HEERASSAGALA, KANDY",174,2/23/2018,9,PARADISE KANDY,Chinese,No Negative,0,1500, Good location Set in a lovely park friendly staff Food high quality We Oth enjoyed the breakfast ,22,7,9,"[' Leisure trip ', ' Couple ', ' Duplex Twin Room ', ' Stayed 1 night ', ' Submitted from a mobile device']",214 days,48.2037451,16.3356767,"Sri Dalada Maligawa,Royal Botanical Garden Peradeniya,Kandy national museum,Old Royal Palace,World Buddhist Museum",https://q-xx.bstatic.com/xdata/images/hotel/max1024x768/243258400.jpg?k=920518fe6f56981b6055f3cd6ce0ce6e24a1ee9ecd89864221e4b5f8b3bbe09b&o=,65000,"Sri Krishna Dosai,Mulberry SugarCarb,Vito Wood Fired Pizza,Buono,Hideout Lounge"
"UDUWELA,HANTANE, KANDY",174,2/24/2018,5,JUNGLE TIDE,Chinese,No Negative,0,1500, Good location Set in a lovely park friendly staff Food high quality We Oth enjoyed the breakfast ,22,7,9,"[' Leisure trip ', ' Couple ', ' Duplex Twin Room ', ' Stayed 1 night ', ' Submitted from a mobile device']",215 days,48.2037451,16.3356767,"Sri Dalada Maligawa,Royal Botanical Garden Peradeniya,Kandy national museum,Old Royal Palace,World Buddhist Museum",https://www.jungletide.com/wp-content/uploads/2019/05/house-to-the-mountains.jpg,24000,"Sri Krishna Dosai,Mulberry SugarCarb,Vito Wood Fired Pizza,Buono,Hideout Lounge"
"AMUNUGAMA WALAWWA GUNNAPANA, KANDY",174,2/18/2018,8.9,THE KANDY HOUSE,Chinese,No Negative,0,1500, Good location Set in a lovely park friendly staff Food high quality We Oth enjoyed the breakfast ,22,7,7.1,"[' Leisure trip ', ' Couple ', ' Duplex Twin Room ', ' Stayed 1 night ', ' Submitted from a mobile device']",209 days,48.2037451,16.3356767,"Sri Dalada Maligawa,Royal Botanical Garden Peradeniya,Kandy national museum,Old Royal Palace,World Buddhist Museum",https://www.manorhouseconcepts.com/wp-content/uploads/2020/11/DNR04555-Edit-scaled.jpg,70000,"Sri Krishna Dosai,Mulberry SugarCarb,Vito Wood Fired Pizza,Buono,Hideout Lounge"
"THIRAPPANE, ANURADHAPURA",164,5/29/2018,5.9,ULAGALLA WALAWWA RESORT,American,No Negative,0,1500, Good location Set in a lovely park friendly staff Food high quality We Oth enjoyed the breakfast ,22,7,8.1,"[' Leisure trip ', ' Couple ', ' Duplex Twin Room ', ' Stayed 1 night ', ' Submitted from a mobile device']",309 days,48.2037451,16.3356767,"Ruwanweli Maha Seya,Siri Maha Bodhi,Thuparamaya Dagaba,Sigiriya,Mihintale,Mirisavetiya Stupa",https://cf.bstatic.com/xdata/images/hotel/max1024x768/398537873.jpg?k=9261abc8b549ac9d906676d16730f9f662be672331122fdf5da7580a7b14eb27&o=&hp=1,42000,"Little Paradise Anuradhapura,Mango Mango,Ambula Anuradhapura,Walkers,Rasa Gedara"
"4C/5, STAGE ONE, MIHINDU MAWATHA, ANURADHAPURA",164,9/6/2018,9,SANDELLE HOLIDAY RESORT,Indian,No Negative,0,1500, Good location Set in a lovely park friendly staff Food high quality We Oth enjoyed the breakfast ,22,7,8.1,"[' Leisure trip ', ' Couple ', ' Duplex Twin Room ', ' Stayed 1 night ', ' Submitted from a mobile device']",409 days,48.2037451,16.3356767,"Ruwanweli Maha Seya,Siri Maha Bodhi,Thuparamaya Dagaba,Sigiriya,Mihintale,Mirisavetiya Stupa",https://media-cdn.tripadvisor.com/media/photo-s/26/12/ed/2e/the-ivy-lake.jpg,75000,"Little Paradise Anuradhapura,Mango Mango,Ambula Anuradhapura,Walkers,Rasa Gedara"
"PULLAYAR JUNCTION, MIHINTHALE ROAD, ANURADHAPURA.",164,9/7/2018,6,SADULA HOLIDAY RESORT,Indian,No Negative,0,1500, Good location Set in a lovely park friendly staff Food high quality We Oth enjoyed the breakfast ,22,7,8.1,"[' Leisure trip ', ' Couple ', ' Duplex Twin Room ', ' Stayed 1 night ', ' Submitted from a mobile device']",410 days,48.2037451,16.3356767,"Ruwanweli Maha Seya,Siri Maha Bodhi,Thuparamaya Dagaba,Sigiriya,Mihintale,Mirisavetiya Stupa",https://d27k8xmh3cuzik.cloudfront.net/wp-content/uploads/2018/04/a-traditional-style-Sri-Lankan-resort-with-a-lawn-OG-ss30082018.jpg,60000,"Little Paradise Anuradhapura,Mango Mango,Ambula Anuradhapura,Walkers,Rasa Gedara"
"ANURADHAPURA CITY CENTRE, ANURADHAPURA",164,9/8/2018,10,KABURA RESORT,Indian,No Negative,0,1500, Good location Set in a lovely park friendly staff Food high quality We Oth enjoyed the breakfast ,22,7,8.1,"[' Leisure trip ', ' Couple ', ' Duplex Twin Room ', ' Stayed 1 night ', ' Submitted from a mobile device']",411 days,48.2037451,16.3356767,"Ruwanweli Maha Seya,Siri Maha Bodhi,Thuparamaya Dagaba,Sigiriya,Mihintale,Mirisavetiya Stupa",https://cf.bstatic.com/images/hotel/max1024x768/187/187278148.jpg,80000,"Little Paradise Anuradhapura,Mango Mango,Ambula Anuradhapura,Walkers,Rasa Gedara"
"NIDANGALA WATTE, MALIGATENNA, 5 ELA, ANURADHAPURA",164,9/9/2018,5.7,PEACOCK RESIDENCE,Indian,No Negative,0,1500, Good location Set in a lovely park friendly staff Food high quality We Oth enjoyed the breakfast ,22,7,8.1,"[' Leisure trip ', ' Couple ', ' Duplex Twin Room ', ' Stayed 1 night ', ' Submitted from a mobile device']",412 days,48.2037451,16.3356767,"Ruwanweli Maha Seya,Siri Maha Bodhi,Thuparamaya Dagaba,Sigiriya,Mihintale,Mirisavetiya Stupa",https://media-cdn.tripadvisor.com/media/photo-s/10/70/aa/9e/the-residence-anuradhapura.jpg,34000,"Little Paradise Anuradhapura,Mango Mango,Ambula Anuradhapura,Walkers,Rasa Gedara"
"SEVANAGAMA ROAD, OFF TRINCO ROAD, ANURADHAPURA",164,9/10/2018,6,SEVENAGAMA,Indian,No Negative,0,1500, Good location Set in a lovely park friendly staff Food high quality We Oth enjoyed the breakfast ,22,7,8.1,"[' Leisure trip ', ' Couple ', ' Duplex Twin Room ', ' Stayed 1 night ', ' Submitted from a mobile device']",413 days,48.2037451,16.3356767,"Ruwanweli Maha Seya,Siri Maha Bodhi,Thuparamaya Dagaba,Sigiriya,Mihintale,Mirisavetiya Stupa",https://cf.bstatic.com/xdata/images/hotel/max1024x768/156479640.jpg?k=8c38867f391812c2acf0cb919c9f02c19af458421cb86add0849471b2e0e77d2&o=&hp=1,20000,"Little Paradise Anuradhapura,Mango Mango,Ambula Anuradhapura,Walkers,Rasa Gedara"
"NO:558/A, D.S SENANAYAKE MAWATHA, STAGE TOWN, ANURADHAPURA",164,9/11/2018,7,HOTEL SISIL THERA,Indian,No Negative,0,1500, Good location Set in a lovely park friendly staff Food high quality We Oth enjoyed the breakfast ,22,7,8.1,"[' Leisure trip ', ' Couple ', ' Duplex Twin Room ', ' Stayed 1 night ', ' Submitted from a mobile device']",414 days,48.2037451,16.3356767,"Ruwanweli Maha Seya,Siri Maha Bodhi,Thuparamaya Dagaba,Sigiriya,Mihintale,Mirisavetiya Stupa",https://cf.bstatic.com/images/hotel/max1024x768/126/126715040.jpg,45000,"Little Paradise Anuradhapura,Mango Mango,Ambula Anuradhapura,Walkers,Rasa Gedara"
"P.O. BOX 02, ANURADHAPURA",164,9/12/2018,10,CINNAMON LODGE,Indian,No Negative,0,1500, Good location Set in a lovely park friendly staff Food high quality We Oth enjoyed the breakfast ,22,7,8.1,"[' Leisure trip ', ' Couple ', ' Duplex Twin Room ', ' Stayed 1 night ', ' Submitted from a mobile device']",415 days,48.2037451,16.3356767,"Ruwanweli Maha Seya,Siri Maha Bodhi,Thuparamaya Dagaba,Sigiriya,Mihintale,Mirisavetiya Stupa",https://www.honeymoondreams.co.uk/wp-content/uploads/2014/07/Cinnamon-Lodge-Habarana-Luxury-Sri-Lanka-Holiday-Package-exterior-lodge.jpg,38000,"Little Paradise Anuradhapura,Mango Mango,Ambula Anuradhapura,Walkers,Rasa Gedara"
"LAKE ROAD,  ANURADHAPURA",164,9/13/2018,8.5,SOROWWA RESORT AND SPA,Indian,No Negative,0,1500, Good location Set in a lovely park friendly staff Food high quality We Oth enjoyed the breakfast ,22,7,8.1,"[' Leisure trip ', ' Couple ', ' Duplex Twin Room ', ' Stayed 1 night ', ' Submitted from a mobile device']",416 days,48.2037451,16.3356767,"Ruwanweli Maha Seya,Siri Maha Bodhi,Thuparamaya Dagaba,Sigiriya,Mihintale,Mirisavetiya Stupa",https://www.sorowwa.com/img/home/02.jpg,52000,"Little Paradise Anuradhapura,Mango Mango,Ambula Anuradhapura,Walkers,Rasa Gedara"
"POST 42,PUTTALAM ROAD, PANDULAGAMA, ANURADHAPURA.",164,9/14/2018,9.7,PALM GARDEN VILLAGE HOTEL,Indian,No Negative,0,1500, Good location Set in a lovely park friendly staff Food high quality We Oth enjoyed the breakfast ,22,7,8.1,"[' Leisure trip ', ' Couple ', ' Duplex Twin Room ', ' Stayed 1 night ', ' Submitted from a mobile device']",417 days,48.2037451,16.3356767,"Ruwanweli Maha Seya,Siri Maha Bodhi,Thuparamaya Dagaba,Sigiriya,Mihintale,Mirisavetiya Stupa",https://arenatours.com/wp-content/uploads/sri-lanka/palm-garden-village-hotel/palm-garden-village-hotel-1.jpeg,78000,"Little Paradise Anuradhapura,Mango Mango,Ambula Anuradhapura,Walkers,Rasa Gedara"
"NO.28, CHURCH STREET, FORT, GALLE",164,9/15/2018,5.7,GALLE FORT HOTEL,Indian,No Negative,0,1500, Good location Set in a lovely park friendly staff Food high quality We Oth enjoyed the breakfast ,22,7,8.1,"[' Leisure trip ', ' Couple ', ' Duplex Twin Room ', ' Stayed 1 night ', ' Submitted from a mobile device']",418 days,48.2037451,16.3356767,"Galle Dutch Fort,Dutch Reformed Church,Lighthouse - Galle,Maritime Museum - Galle,Galle Fort Clock Tower,Historical Mansion Museum",https://dynamic-media-cdn.tripadvisor.com/media/photo-o/0c/5d/85/3f/courtyard.jpg?w=700&h=-1&s=1,35000,"The Bungalow Galle Fort,The Shack Beach Cafe,Imal's restaurant,Coconut Sambol,Ocean Bistro by Starbeans"
"NO.288,GALLE ROAD, DADELLA, GALLE",164,9/16/2018,9,TAMARIND HILL HOTEL,Indian,No Negative,0,1500, Good location Set in a lovely park friendly staff Food high quality We Oth enjoyed the breakfast ,22,7,8.1,"[' Leisure trip ', ' Couple ', ' Duplex Twin Room ', ' Stayed 1 night ', ' Submitted from a mobile device']",419 days,48.2037451,16.3356767,"Galle Dutch Fort,Dutch Reformed Church,Lighthouse - Galle,Maritime Museum - Galle,Galle Fort Clock Tower,Historical Mansion Museum",https://dynamic-media-cdn.tripadvisor.com/media/photo-o/0c/5d/85/3f/courtyard.jpg?w=700&h=-1&s=1,67000,"The Bungalow Galle Fort,The Shack Beach Cafe,Imal's restaurant,Coconut Sambol,Ocean Bistro by Starbeans"
"GALLE ROAD, DADELLA, GALLE",164,9/17/2018,8,THE FORTRESS,Indian,No Negative,0,1500, Good location Set in a lovely park friendly staff Food high quality We Oth enjoyed the breakfast ,22,7,8.1,"[' Leisure trip ', ' Couple ', ' Duplex Twin Room ', ' Stayed 1 night ', ' Submitted from a mobile device']",420 days,48.2037451,16.3356767,"Galle Dutch Fort,Dutch Reformed Church,Lighthouse - Galle,Maritime Museum - Galle,Galle Fort Clock Tower,Historical Mansion Museum",https://media.dertouristik.com/exports/KuoniUK/ImageGalleryLightboxLarge/501732_ImageGalleryLightboxLarge.jpg,78000,"The Bungalow Galle Fort,The Shack Beach Cafe,Imal's restaurant,Coconut Sambol,Ocean Bistro by Starbeans"
"NO. 10 CHURCH ROAD, GALLE",164,9/18/2018,7.8,AMANGALLE,Indian,No Negative,0,1500, Good location Set in a lovely park friendly staff Food high quality We Oth enjoyed the breakfast ,22,7,8.1,"[' Leisure trip ', ' Couple ', ' Duplex Twin Room ', ' Stayed 1 night ', ' Submitted from a mobile device']",421 days,48.2037451,16.3356767,"Galle Dutch Fort,Dutch Reformed Church,Lighthouse - Galle,Maritime Museum - Galle,Galle Fort Clock Tower,Historical Mansion Museum",https://media.dertouristik.com/exports/KuoniUK/ImageGalleryLightboxLarge/501732_ImageGalleryLightboxLarge.jpg,68000,"The Bungalow Galle Fort,The Shack Beach Cafe,Imal's restaurant,Coconut Sambol,Ocean Bistro by Starbeans"
"26, CHURCH STREET, GALLE FORT, GALLE",164,9/19/2018,10,THE FORT BAZAAR,Indian,No Negative,0,1500, Good location Set in a lovely park friendly staff Food high quality We Oth enjoyed the breakfast ,22,7,8.1,"[' Leisure trip ', ' Couple ', ' Duplex Twin Room ', ' Stayed 1 night ', ' Submitted from a mobile device']",422 days,48.2037451,16.3356767,"Galle Dutch Fort,Dutch Reformed Church,Lighthouse - Galle,Maritime Museum - Galle,Galle Fort Clock Tower,Historical Mansion Museum",https://www.teardrop-hotels.com/fort-bazaar/wp-content/uploads/sites/9/2018/10/fort-bazaar-home-main-1920x848.jpg,80000,"The Bungalow Galle Fort,The Shack Beach Cafe,Imal's restaurant,Coconut Sambol,Ocean Bistro by Starbeans"
"47/23,PARATHARAKAYA CIRCULATION ROAD, GALLE",164,9/20/2018,9,THE HABITAT,Indian,No Negative,0,1500, Good location Set in a lovely park friendly staff Food high quality We Oth enjoyed the breakfast ,22,7,8.1,"[' Leisure trip ', ' Couple ', ' Duplex Twin Room ', ' Stayed 1 night ', ' Submitted from a mobile device']",423 days,48.2037451,16.3356767,"Galle Dutch Fort,Dutch Reformed Church,Lighthouse - Galle,Maritime Museum - Galle,Galle Fort Clock Tower,Historical Mansion Museum",https://q-xx.bstatic.com/xdata/images/hotel/max1024x768/154431049.jpg?k=5405a16252f21c1a50a5056e34a5dfdb59d12320cd9cc58cd6e42ecdb542c8f6&o=,79000,"The Bungalow Galle Fort,The Shack Beach Cafe,Imal's restaurant,Coconut Sambol,Ocean Bistro by Starbeans"
"NEELISGEWATTA,ALAWATHUGODA, GALLE.",164,9/21/2018,6,ROCK VILLA,Indian,No Negative,0,1500, Good location Set in a lovely park friendly staff Food high quality We Oth enjoyed the breakfast ,22,7,8.1,"[' Leisure trip ', ' Couple ', ' Duplex Twin Room ', ' Stayed 1 night ', ' Submitted from a mobile device']",424 days,48.2037451,16.3356767,"Galle Dutch Fort,Dutch Reformed Church,Lighthouse - Galle,Maritime Museum - Galle,Galle Fort Clock Tower,Historical Mansion Museum",https://cf.bstatic.com/xdata/images/hotel/max1024x768/68583681.jpg?k=7196ce87c2a1c7d8febca1bc916554738173b5b440894491e20f5bdd438104a0&o=&hp=1,54000,"The Bungalow Galle Fort,The Shack Beach Cafe,Imal's restaurant,Coconut Sambol,Ocean Bistro by Starbeans"
"NO,776,GALLE ROAD,THIRANGAMA, GALLE",164,9/22/2018,7,VILLA SAFFRON,Indian,No Negative,0,1500, Good location Set in a lovely park friendly staff Food high quality We Oth enjoyed the breakfast ,22,7,8.1,"[' Leisure trip ', ' Couple ', ' Duplex Twin Room ', ' Stayed 1 night ', ' Submitted from a mobile device']",425 days,48.2037451,16.3356767,"Galle Dutch Fort,Dutch Reformed Church,Lighthouse - Galle,Maritime Museum - Galle,Galle Fort Clock Tower,Historical Mansion Museum",https://www.villasaffron.com/villa-saffron-hikkaduwa/images/home/hikkaduwa-main-home-slider3.jpg,62000,"The Bungalow Galle Fort,The Shack Beach Cafe,Imal's restaurant,Coconut Sambol,Ocean Bistro by Starbeans"
"NO. 4/10, RUMASSALA, GALLE",164,9/23/2018,8.5,COCO BAY,Indian,No Negative,0,1500, Good location Set in a lovely park friendly staff Food high quality We Oth enjoyed the breakfast ,22,7,8.1,"[' Leisure trip ', ' Couple ', ' Duplex Twin Room ', ' Stayed 1 night ', ' Submitted from a mobile device']",426 days,48.2037451,16.3356767,"Galle Dutch Fort,Dutch Reformed Church,Lighthouse - Galle,Maritime Museum - Galle,Galle Fort Clock Tower,Historical Mansion Museum",https://cf.bstatic.com/xdata/images/hotel/max1024x768/400363806.jpg?k=21c9ad5c695ec61990aa06746d0196dfbd27f85580495322bc19146f55229394&o=&hp=1,75000,"The Bungalow Galle Fort,The Shack Beach Cafe,Imal's restaurant,Coconut Sambol,Ocean Bistro by Starbeans"
"NO. 834, MATARA ROAD, GALLE",164,9/24/2018,10,ERA BEACH HOTEL,Indian,No Negative,0,1500, Good location Set in a lovely park friendly staff Food high quality We Oth enjoyed the breakfast ,22,7,8.1,"[' Leisure trip ', ' Couple ', ' Duplex Twin Room ', ' Stayed 1 night ', ' Submitted from a mobile device']",427 days,48.2037451,16.3356767,"Galle Dutch Fort,Dutch Reformed Church,Lighthouse - Galle,Maritime Museum - Galle,Galle Fort Clock Tower,Historical Mansion Museum",https://pix10.agoda.net/hotelImages/248126/-1/25e1e95334118b72b04c44c2945236ae.jpg?ca=9&ce=1&s=1024x768,80000,"The Bungalow Galle Fort,The Shack Beach Cafe,Imal's restaurant,Coconut Sambol,Ocean Bistro by Starbeans"
"NO.65, ROSMEAD PLACE, COLOMBO ",164,9/25/2018,9.2,PARADISE ROAD TINTAGEL COLOMBO,Singapore,No Negative,0,1500, Good location Set in a lovely park friendly staff Food high quality We Oth enjoyed the breakfast ,22,7,8.1,"[' Leisure trip ', ' Couple ', ' Duplex Twin Room ', ' Stayed 1 night ', ' Submitted from a mobile device']",428 days,48.2037451,16.3356767,"Gangaramaya Temple,Galle Face Green,Independence Square,Viharamahadevi Park,Colombo Lotus Tower,Old Parliament Building",https://cf.bstatic.com/xdata/images/hotel/max1024x768/233756574.jpg?k=cd81f1fda7f292afcea7d47b6f4ca06566332fae0064764d07d32dfc03406ad7&o=&hp=1,43000,"Breeze Bar,Nuga Gama,Curry Leaf,Noodles Restaurant,Lagoon,Cafe Kumbuk"
"NO 113/8B ,DUWAWATTA, ST PETER'S ROAD, KORALAWELLA, COLOMBO ",164,9/26/2018,8.2,THE PIER,Singapore,No Negative,0,1500, Good location Set in a lovely park friendly staff Food high quality We Oth enjoyed the breakfast ,22,7,8.1,"[' Leisure trip ', ' Couple ', ' Duplex Twin Room ', ' Stayed 1 night ', ' Submitted from a mobile device']",429 days,48.2037451,16.3356767,"Gangaramaya Temple,Galle Face Green,Independence Square,Viharamahadevi Park,Colombo Lotus Tower,Old Parliament Building",https://the-pier-bolgoda-moratuwa.booked.net/data/Photos/OriginalPhoto/9586/958694/958694410/The-Pier-Bolgoda-Moratuwa-Exterior.JPEG,76000,"Breeze Bar,Nuga Gama,Curry Leaf,Noodles Restaurant,Lagoon,Cafe Kumbuk"
"NO.9, TUDUWA, DAMPE, COLOMBO ",164,9/27/2018,6.2,THE RANMIN BUNGALOW,Singapore,No Negative,0,1500, Good location Set in a lovely park friendly staff Food high quality We Oth enjoyed the breakfast ,22,7,8.1,"[' Leisure trip ', ' Couple ', ' Duplex Twin Room ', ' Stayed 1 night ', ' Submitted from a mobile device']",430 days,48.2037451,16.3356767,"Gangaramaya Temple,Galle Face Green,Independence Square,Viharamahadevi Park,Colombo Lotus Tower,Old Parliament Building",https://pix10.agoda.net/hotelImages/413/4133933/4133933_18010519590060813065.jpg?ca=6&ce=1&s=1024x768,43000,"Breeze Bar,Nuga Gama,Curry Leaf,Noodles Restaurant,Lagoon,Cafe Kumbuk"
"NO.10,HOSPITAL ROAD, COLOMBO ",164,9/28/2018,7.2,ARANGA-LA,Singapore,No Negative,0,1500, Good location Set in a lovely park friendly staff Food high quality We Oth enjoyed the breakfast ,22,7,8.1,"[' Leisure trip ', ' Couple ', ' Duplex Twin Room ', ' Stayed 1 night ', ' Submitted from a mobile device']",431 days,48.2037451,16.3356767,"Gangaramaya Temple,Galle Face Green,Independence Square,Viharamahadevi Park,Colombo Lotus Tower,Old Parliament Building",https://media-cdn.tripadvisor.com/media/photo-p/1b/ae/a2/65/arangala-forest-lodge.jpg,65000,"Breeze Bar,Nuga Gama,Curry Leaf,Noodles Restaurant,Lagoon,Cafe Kumbuk"
"14, SELLAMUTTU AVENUE, COLOMBO",164,9/29/2018,8.2,THE OCEAN FRONT,Singapore,No Negative,0,1500, Good location Set in a lovely park friendly staff Food high quality We Oth enjoyed the breakfast ,22,7,8.1,"[' Leisure trip ', ' Couple ', ' Duplex Twin Room ', ' Stayed 1 night ', ' Submitted from a mobile device']",432 days,48.2037451,16.3356767,"Gangaramaya Temple,Galle Face Green,Independence Square,Viharamahadevi Park,Colombo Lotus Tower,Old Parliament Building",https://www.oceanfrontcondos.lk/wp-content/uploads/2022/01/home-desk-header-2.jpg,62000,"Breeze Bar,Nuga Gama,Curry Leaf,Noodles Restaurant,Lagoon,Cafe Kumbuk"
"NO.65, ROSMEAD PLACE, COLOMBO ",164,9/30/2018,5,AVANA,Singapore,No Negative,0,1500, Good location Set in a lovely park friendly staff Food high quality We Oth enjoyed the breakfast ,22,7,8.1,"[' Leisure trip ', ' Couple ', ' Duplex Twin Room ', ' Stayed 1 night ', ' Submitted from a mobile device']",433 days,48.2037451,16.3356767,"Gangaramaya Temple,Galle Face Green,Independence Square,Viharamahadevi Park,Colombo Lotus Tower,Old Parliament Building",https://www.telegraph.co.uk/content/dam/Travel/hotels/asia/sri-lanka/movenpick-colombo-p.jpg,54000,"Breeze Bar,Nuga Gama,Curry Leaf,Noodles Restaurant,Lagoon,Cafe Kumbuk"
"27/1, GREENFIELD PARK, MADIWELA, COLOMBO ",164,10/1/2018,10,JASMINE HOMES,Singapore,No Negative,0,1500, Good location Set in a lovely park friendly staff Food high quality We Oth enjoyed the breakfast ,22,7,8.1,"[' Leisure trip ', ' Couple ', ' Duplex Twin Room ', ' Stayed 1 night ', ' Submitted from a mobile device']",434 days,48.2037451,16.3356767,"Gangaramaya Temple,Galle Face Green,Independence Square,Viharamahadevi Park,Colombo Lotus Tower,Old Parliament Building",https://gamudagardens.com.vn/wp-content/uploads/2017/11/Jasmine-homes.jpg,80000,"Breeze Bar,Nuga Gama,Curry Leaf,Noodles Restaurant,Lagoon,Cafe Kumbuk"
"47/1,JAWATTE ROAD, COLOMBO",164,10/2/2018,9.8,CEILAO VILLAS COLOMBO,Singapore,No Negative,0,1500, Good location Set in a lovely park friendly staff Food high quality We Oth enjoyed the breakfast ,22,7,8.1,"[' Leisure trip ', ' Couple ', ' Duplex Twin Room ', ' Stayed 1 night ', ' Submitted from a mobile device']",435 days,48.2037451,16.3356767,"Gangaramaya Temple,Galle Face Green,Independence Square,Viharamahadevi Park,Colombo Lotus Tower,Old Parliament Building",https://ak-d.tripcdn.com/images/200n0f0000007ljqm06D2_R_800_525.jpg,79000,"Breeze Bar,Nuga Gama,Curry Leaf,Noodles Restaurant,Lagoon,Cafe Kumbuk"
"188/1, N.J.V COORAY MAWATHA, NAWALA, COLOMBO",164,10/3/2018,7,LIYON LANKA,Singapore,No Negative,0,1500, Good location Set in a lovely park friendly staff Food high quality We Oth enjoyed the breakfast ,22,7,8.1,"[' Leisure trip ', ' Couple ', ' Duplex Twin Room ', ' Stayed 1 night ', ' Submitted from a mobile device']",436 days,48.2037451,16.3356767,"Gangaramaya Temple,Galle Face Green,Independence Square,Viharamahadevi Park,Colombo Lotus Tower,Old Parliament Building",https://cf.bstatic.com/xdata/images/hotel/max1024x768/414712127.jpg?k=f8854b6b34a8b22592c2e7b5be4c57d54b93cd442496725ce5e684336d29a0a6&o=&hp=1,43000,"Breeze Bar,Nuga Gama,Curry Leaf,Noodles Restaurant,Lagoon,Cafe Kumbuk"
"54, TEMPLERS ROAD, COLOMBO",164,10/4/2018,5.9,MANGO VILLA,Singapore,No Negative,0,1500, Good location Set in a lovely park friendly staff Food high quality We Oth enjoyed the breakfast ,22,7,8.1,"[' Leisure trip ', ' Couple ', ' Duplex Twin Room ', ' Stayed 1 night ', ' Submitted from a mobile device']",437 days,48.2037451,16.3356767,"Gangaramaya Temple,Galle Face Green,Independence Square,Viharamahadevi Park,Colombo Lotus Tower,Old Parliament Building",https://www.ministryofvillas.com/wp-content/uploads/2013/10/bali-villamango-17.jpg,23000,"Breeze Bar,Nuga Gama,Curry Leaf,Noodles Restaurant,Lagoon,Cafe Kumbuk"
"351, ABIMANGAMA ROAD, KUMBALGAMA, MATARA",164,10/5/2018,6.9,HIGHLAND VILLA,Singapore,No Negative,0,1500, Good location Set in a lovely park friendly staff Food high quality We Oth enjoyed the breakfast ,22,7,8.1,"[' Leisure trip ', ' Couple ', ' Duplex Twin Room ', ' Stayed 1 night ', ' Submitted from a mobile device']",438 days,48.2037451,16.3356767,"Matara Fort,Dondra Head,Polhena Beach,Star Fort Matara,Old Dutch Market,Weherahena Poorwarama Rajamaha Viharaya",https://media-cdn.tripadvisor.com/media/photo-s/11/9e/b1/bc/hilltop-villa-pavillion.jpg,47000,"Meewitha Weligama,Chef Akila Kitchen,Rotti shop weligama,Aura Beach Club By W15,Rise"
"NO 11C, BEACH ROAD , POLHENA, MATARA",164,10/6/2018,6,AMBASEWANA,Singapore,No Negative,0,1500, Good location Set in a lovely park friendly staff Food high quality We Oth enjoyed the breakfast ,22,7,8.1,"[' Leisure trip ', ' Couple ', ' Duplex Twin Room ', ' Stayed 1 night ', ' Submitted from a mobile device']",439 days,48.2037451,16.3356767,"Matara Fort,Dondra Head,Polhena Beach,Star Fort Matara,Old Dutch Market,Weherahena Poorwarama Rajamaha Viharaya",https://www.partner.lk/photos/am2.jpg,52000,"Meewitha Weligama,Chef Akila Kitchen,Rotti shop weligama,Aura Beach Club By W15,Rise"
"NO 05, THOTAMUNA ROAD, THOTAMUNA, MATARA",164,10/7/2018,8,AMBASEWANA MANSION,Singapore,No Negative,0,1500, Good location Set in a lovely park friendly staff Food high quality We Oth enjoyed the breakfast ,22,7,8.1,"[' Leisure trip ', ' Couple ', ' Duplex Twin Room ', ' Stayed 1 night ', ' Submitted from a mobile device']",440 days,48.2037451,16.3356767,"Matara Fort,Dondra Head,Polhena Beach,Star Fort Matara,Old Dutch Market,Weherahena Poorwarama Rajamaha Viharaya",https://images.trvl-media.com/lodging/18000000/17090000/17085900/17085823/44852a77.jpg?impolicy=fcrop&w=1200&h=800&p=1&q=medium,56000,"Meewitha Weligama,Chef Akila Kitchen,Rotti shop weligama,Aura Beach Club By W15,Rise"
"N0 37, GALLE ROAD, KAMBURUGAMUWA, MATARA",164,10/8/2018,8.9,CASA MIJA,Singapore,No Negative,0,1500, Good location Set in a lovely park friendly staff Food high quality We Oth enjoyed the breakfast ,22,7,8.1,"[' Leisure trip ', ' Couple ', ' Duplex Twin Room ', ' Stayed 1 night ', ' Submitted from a mobile device']",441 days,48.2037451,16.3356767,"Matara Fort,Dondra Head,Polhena Beach,Star Fort Matara,Old Dutch Market,Weherahena Poorwarama Rajamaha Viharaya",https://pix10.agoda.net/hotelImages/861/861719/861719_15062610200030914044.jpg?ca=4&ce=1&s=1024x768,78000,"Meewitha Weligama,Chef Akila Kitchen,Rotti shop weligama,Aura Beach Club By W15,Rise"
"2/A 2, BANDARAWATTA,KEMAGODA,DICKWELLA, MATARA",164,10/9/2018,9,AUSTRIAN BEACH RESORT,Singapore,No Negative,0,1500, Good location Set in a lovely park friendly staff Food high quality We Oth enjoyed the breakfast ,22,7,8.1,"[' Leisure trip ', ' Couple ', ' Duplex Twin Room ', ' Stayed 1 night ', ' Submitted from a mobile device']",442 days,48.2037451,16.3356767,"Matara Fort,Dondra Head,Polhena Beach,Star Fort Matara,Old Dutch Market,Weherahena Poorwarama Rajamaha Viharaya",https://assets.aytour.de/image/3363491683/Zj1pYmUvRjM0NjBDRURFMzdEODZCREQ5ODhEMTAzNzE2NkRDRDMmdz0xMjAwJmg9MTIwMA/,75000,"Meewitha Weligama,Chef Akila Kitchen,Rotti shop weligama,Aura Beach Club By W15,Rise"
"140, GUNASIRI NAHIMI MAWATHA, MATARA.",164,10/10/2018,10,PARADISE BEACH CLUB,Singapore,No Negative,0,1500, Good location Set in a lovely park friendly staff Food high quality We Oth enjoyed the breakfast ,22,7,8.1,"[' Leisure trip ', ' Couple ', ' Duplex Twin Room ', ' Stayed 1 night ', ' Submitted from a mobile device']",443 days,48.2037451,16.3356767,"Matara Fort,Dondra Head,Polhena Beach,Star Fort Matara,Old Dutch Market,Weherahena Poorwarama Rajamaha Viharaya",https://www.paradisebeachmirissa.com/images/slider/home/02.jpg,73000,"Meewitha Weligama,Chef Akila Kitchen,Rotti shop weligama,Aura Beach Club By W15,Rise"
"GALLE - MATARA ROAD, PELENA, MATARA",164,10/11/2018,8,CRYSTAL VILLAS,Singapore,No Negative,0,1500, Good location Set in a lovely park friendly staff Food high quality We Oth enjoyed the breakfast ,22,7,8.1,"[' Leisure trip ', ' Couple ', ' Duplex Twin Room ', ' Stayed 1 night ', ' Submitted from a mobile device']",444 days,48.2037451,16.3356767,"Matara Fort,Dondra Head,Polhena Beach,Star Fort Matara,Old Dutch Market,Weherahena Poorwarama Rajamaha Viharaya",https://media-cdn.tripadvisor.com/media/photo-s/26/96/50/60/crystal-villa.jpg,32000,"Meewitha Weligama,Chef Akila Kitchen,Rotti shop weligama,Aura Beach Club By W15,Rise"
"RAIN FOREST LODGE, GALKUBURA HENYAYA, TEMPLE ROAD, MATARA",164,10/12/2018,5.7,RAIN FOREST LODGE,Singapore,No Negative,0,1500, Good location Set in a lovely park friendly staff Food high quality We Oth enjoyed the breakfast ,22,7,8.1,"[' Leisure trip ', ' Couple ', ' Duplex Twin Room ', ' Stayed 1 night ', ' Submitted from a mobile device']",445 days,48.2037451,16.3356767,"Matara Fort,Dondra Head,Polhena Beach,Star Fort Matara,Old Dutch Market,Weherahena Poorwarama Rajamaha Viharaya",https://static.readytotrip.com/upload/information_system_24/1/6/6/item_1660421/information_items_1660421.jpg,54000,"Meewitha Weligama,Chef Akila Kitchen,Rotti shop weligama,Aura Beach Club By W15,Rise"
"NO:22,SAMARAWEERA PLACE, MATARA",164,10/13/2018,7.8,SUN ROO BEACH,Singapore,No Negative,0,1500, Good location Set in a lovely park friendly staff Food high quality We Oth enjoyed the breakfast ,22,7,8.1,"[' Leisure trip ', ' Couple ', ' Duplex Twin Room ', ' Stayed 1 night ', ' Submitted from a mobile device']",446 days,48.2037451,16.3356767,"Matara Fort,Dondra Head,Polhena Beach,Star Fort Matara,Old Dutch Market,Weherahena Poorwarama Rajamaha Viharaya",https://media-cdn.tripadvisor.com/media/photo-s/21/ca/d5/98/view-from-main-building.jpg,69000,"Meewitha Weligama,Chef Akila Kitchen,Rotti shop weligama,Aura Beach Club By W15,Rise"
"NO. 700, MATARA ROAD, PELANA, MATARA",164,10/14/2018,10,MARRIOT RESORT & SPA ,Singapore,No Negative,0,1500, Good location Set in a lovely park friendly staff Food high quality We Oth enjoyed the breakfast ,22,7,8.1,"[' Leisure trip ', ' Couple ', ' Duplex Twin Room ', ' Stayed 1 night ', ' Submitted from a mobile device']",447 days,48.2037451,16.3356767,"Matara Fort,Dondra Head,Polhena Beach,Star Fort Matara,Old Dutch Market,Weherahena Poorwarama Rajamaha Viharaya",https://pix10.agoda.net/hotelImages/2572034/-1/5be9471aafcf0ba731f6f1236e082797.jpg?ca=6&ce=1&s=1024x768,80000,"Meewitha Weligama,Chef Akila Kitchen,Rotti shop weligama,Aura Beach Club By W15,Rise"
"REKAWA VILLAGE, NETOLPITIYA, HAMBANTOTA",165,10/14/2019,8.9,BUCKINGAM PLACE,Singapore,No Negative,1,1501, Good location Set in a lovely park friendly staff Food high quality We Oth enjoyed the breakfast ,22,8,8.2,"[' Leisure trip ', ' Couple ', ' Duplex Twin Room ', ' Stayed 1 night ', ' Submitted from a mobile device']",448 days,48.2037451,16.3356767,"Dry Zone Botanic Gardens,Yala National Park,Bundala national park,Kataragama,Kumana National Park",https://www.andbeyond.com/wp-content/uploads/sites/5/buckingham-place-tangalle-sri-lanka-pool-view.jpg,72000,"Bojunhala,Ulpatha,Jade Green Restaurant,Nonagama Village Restaurant,Gimanhala"
"SOORIYA RESORT & SPA, REKAWA BEACH, HAMBANTOTA",166,10/14/2020,9.5,SOORIYA RESORT & SPA,Singapore,No Negative,2,1502, Good location Set in a lovely park friendly staff Food high quality We Oth enjoyed the breakfast ,22,9,8.3,"[' Leisure trip ', ' Couple ', ' Duplex Twin Room ', ' Stayed 1 night ', ' Submitted from a mobile device']",449 days,48.2037451,16.3356767,"Dry Zone Botanic Gardens,Yala National Park,Bundala national park,Kataragama,Kumana National Park",https://dynamic-media-cdn.tripadvisor.com/media/photo-o/0f/b5/6f/23/night-view.jpg?w=700&h=-1&s=1,80000,"Bojunhala,Ulpatha,Jade Green Restaurant,Nonagama Village Restaurant,Gimanhala"
"PALATUPANA, HAMBANTOTA",167,10/14/2021,10,WILD COAST TENTED LODGE,Singapore,No Negative,3,1503, Good location Set in a lovely park friendly staff Food high quality We Oth enjoyed the breakfast ,22,10,8.4,"[' Leisure trip ', ' Couple ', ' Duplex Twin Room ', ' Stayed 1 night ', ' Submitted from a mobile device']",450 days,48.2037451,16.3356767,"Dry Zone Botanic Gardens,Yala National Park,Bundala national park,Kataragama,Kumana National Park",https://cf.bstatic.com/xdata/images/hotel/max1024x768/138890847.jpg?k=64e1cdc9a56b8238534101fdf6cc08654ffdf75c2b4a85729b5759700845546c&o=&hp=1,80000,"Bojunhala,Ulpatha,Jade Green Restaurant,Nonagama Village Restaurant,Gimanhala"
"GURUPOKUNA,KALAMETIYA, HAMBANTOTA",168,10/14/2022,9,TURTLE BAY,Singapore,No Negative,4,1504, Good location Set in a lovely park friendly staff Food high quality We Oth enjoyed the breakfast ,22,11,8.5,"[' Leisure trip ', ' Couple ', ' Duplex Twin Room ', ' Stayed 1 night ', ' Submitted from a mobile device']",451 days,48.2037451,16.3356767,"Dry Zone Botanic Gardens,Yala National Park,Bundala national park,Kataragama,Kumana National Park",https://media-cdn.tripadvisor.com/media/photo-s/26/cc/0c/49/terraced-pool-deck.jpg,72000,"Bojunhala,Ulpatha,Jade Green Restaurant,Nonagama Village Restaurant,Gimanhala"
